"name","title"
"projects/8207545033865805409/screens/4c037b2f83544c65a796418879d9e127","Founder Dashboard: Hardware Production & Escrow Control"
"projects/8207545033865805409/screens/9dfc8c98f84b455f9ad83f5c4c8a95a3","Milestone Escrow Voting & Consensus Terminal"
"projects/8207545033865805409/screens/a9a5103ec2fc4752a7beec0c5345b0ca","SHLFROST Individual Claim Trading Terminal"
"projects/8207545033865805409/screens/232f6c7538f947f599d46b975c85d143","Create Project: Hardware Basics & Media"
"projects/8207545033865805409/screens/091ba2d216b3409d96d653cb2edc5926","Professional crypto fintech founder profile photo, tech executive headshot, studio lighting, dark modern background, smiling warmly, sleek black turtleneck"
"projects/8207545033865805409/screens/ee311321c5904d06b89038cdcb516af6","Secondary Market: My Orders & Active Listings"
"projects/8207545033865805409/screens/18fd335ddc9f44d28d2fce709629934f","Manage Project: HelioFrost Pro Production & Escrow Hub"
"projects/8207545033865805409/screens/1d57158b8a3a4770abb3363422da6978","Explore Physical Product RWAs"
"projects/8207545033865805409/screens/92595ff5954d4d0bb1eb6a9d4ada3a53","Invest Flow: Commit Capital & Mint Claims"
"projects/8207545033865805409/screens/9c908adb193f45d582cd66cb4275a42a","Notifications Center & Protocol Alert Stream"
"projects/8207545033865805409/screens/4a08694ec4ba4557819e6f5e3b467e87","How It Works & Mechanism Architecture"
"projects/8207545033865805409/screens/c81fb1c7aaf3493281e13e01771062d5","Protocol Admin & Hardware Oracle Oversight Terminal"
"projects/8207545033865805409/screens/9de2b4be945b4dc1b3f45aa9c4b4b7ab","Protocol FAQ & Risk Disclosure"
"projects/8207545033865805409/screens/292ea45ce76e4a2da1675b316131052e","Founder Milestone Evidence Submission"
"projects/8207545033865805409/screens/ec1b40568a7046d9b09985ba0ba4b501","ProtoRWA Landing Page"
"projects/8207545033865805409/screens/a2be997549b7409b83219c3aad797009","Account Activity, On-Chain Audit & Tax Ledger"
"projects/8207545033865805409/screens/18abdde5590d488cb4b8d625877f47d1","Secondary Claims Marketplace"
"projects/8207545033865805409/screens/8df3e0fa0fa44b71b5e562b08e5d7c1a","HelioFrost Pro Terminal & Escrow"
"projects/8207545033865805409/screens/f0ff566335bf4516999c67e393bd75c0","Terms of Service & Regulatory Compliance"
"projects/8207545033865805409/screens/d23461c72dc4423780a038bc475ddc7a","Investor Governance & Portfolio"
"projects/8207545033865805409/screens/e598d8362c2a4962bf33c6d95064f90a","Founder Post Update & Changelog"
"projects/8207545033865805409/screens/f8260ed870314e54b5d106df54b44cb0","ProtoRWA Mark"
"projects/8207545033865805409/screens/9612b5ab4b434214ad55edd5c5e5b9fe","About & Protocol Vision: Physical Hardware Tokenization"
"projects/8207545033865805409/screens/b292aec6510d4a10a529db9a7cc766c2","User Account, Identity & Security Settings"
"projects/8207545033865805409/screens/3ee04a0c29744d66b7472d745f217a1e","Create Project: Escrow Milestones & Tokenomics"
"projects/8207545033865805409/screens/031d4b2abbab4481a6a7b3681aebd54e","Help, Documentation & Support Center"
"projects/8207545033865805409/screens/9044870318103880558","ProtoRWA.txt"
